ProdId,TimeId,BTC_price,ETH_price,Price_USD,NVDA_stock,AMD_stock,PPI
1,20140917,123,1.3,601.7384131,4.79125,3.84,58.8
1,20140918,125.015,1.365,551.8852765,4.83375,3.82,58.8
1,20140919,129.785,1.305,548.0988961,4.82125,3.875,58.8
1,20140922,131.06,1.26,547.9330784,4.7925,3.79,58.8
1,20140923,133.31,1.27,548.1468175,4.7175,3.74,58.8
1,20140924,130.085,1.305,547.7821775,4.72,3.72,58.8
1,20140926,128.09,1.33,548.2555101,4.6775,3.66,58.8
1,20140929,130.125,1.275,545.5260371,4.6475,3.635,58.8
1,20140930,129.625,1.255,547.5923397,4.60875,3.6,58.8
1,20141001,128.15,1.23,548.3262106,4.60125,3.49,58.8
1,20141002,128.49,1.18,549.2382445,4.60375,3.36,58.8
1,20141006,122.225,1.0553375,550.8014127,4.5125,3.36,58.8
1,20141007,119.25,1.03989,551.02649,4.5975,3.415,58.8
1,20141008,121.47,0.971416,549.9657795,4.55625,3.37,58.8
1,20141010,121.685,0.9105735,548.448642,4.51625,3.33,58.8
1,20141013,120.175,0.9625945,547.5507962,4.515,3.245,58.8
1,20141014,112.71,0.9271685,548.3256063,4.495,3.07,58.8
1,20141015,109.36,0.870168,548.6841105,4.33375,2.83,58.8
1,20141016,98.745,0.861005,551.3964835,4.25875,2.79,58.8
1,20141017,102.55,0.8728335,550.2386825,4.32125,2.675,58.8
1,20141020,106.8,0.910473,548.1397367,4.29375,2.625,58.8
1,20141021,109.26,0.9178135,548.4302433,4.3425,2.63,58.8
1,20141022,105.415,0.892281,549.07329,4.40125,2.76,58.8
1,20141023,101.35,0.897023,548.4578067,4.37875,2.7,58.8
1,20141024,100.85,0.8510155,548.3069001,4.49875,2.73,58.8
1,20141027,100.275,0.769205,548.2822626,4.53,2.72,58.8
1,20141028,100.605,0.748436,549.2430264,4.56125,2.68,58.8
1,20141029,106.07,0.755223,548.3063319,4.61,2.7,58.8
1,20141030,107.995,0.6413695,554.4897959,4.60375,2.68,58.8
1,20141031,110.9,0.617088,548.9540488,4.67125,2.72,58.8
1,20141103,111.34,0.6912915,549.9029369,4.7,2.77,58.7
1,20141104,108.735,0.6951065,549.5184767,4.66125,2.745,58.7
1,20141105,107.515,0.6728625,549.885689,4.82125,2.79,58.7
1,20141106,104.655,0.692343,550.3049618,4.97875,2.855,58.7
1,20141107,103.74,0.676921,548.8263365,4.98375,2.83,58.7
1,20141110,104.14,0.649444,549.185688,5.03,2.82,58.7
1,20141111,102.55,0.630087,549.1809391,5.01375,2.775,58.7
1,20141112,97.035,0.629362,550.1560099,5.035,2.78,58.7
1,20141113,96.495,0.6125545,551.2192811,4.98375,2.78,58.7
1,20141114,96.17,0.662206,549.8009956,4.9525,2.755,58.7
1,20141117,91.98,0.636698,549.9339308,4.8925,2.7,58.7
1,20141118,89.905,0.6289205,549.2949679,4.8925,2.695,58.7
1,20141119,83.98,0.6419095,550.001191,4.89625,2.655,58.7
1,20141120,77.555,0.614727,549.6023283,4.935,2.65,58.7
1,20141121,72.765,0.548107,549.0465741,4.985,2.68,58.7
1,20141124,70.91,0.543722,550.6700453,4.995,2.645,58.7
1,20141125,70.59,0.545697,549.6060564,5.02125,2.655,58.7
1,20141126,76.3,0.5452105,549.6288702,5.10375,2.74,58.7
1,20141127,75.41,0.5325475,549.7179875,5.13625,2.825,58.7
1,20141128,81.6,0.50127,549.7804172,5.1525,2.81,58.7
1,20141201,87.68,0.466773,548.8345453,5.1725,2.82,58.7
1,20141202,96.085,0.4519425,550.1462571,5.23625,2.81,58.7
1,20141203,93.155,0.5202285,549.5441934,5.19375,2.715,58.7
1,20141204,95.78,0.5580135,549.7260358,5.13375,2.66,58.7
1,20141205,97.505,0.548042,549.9813502,5.225,2.755,58.7
1,20141208,98,0.6247875,549.7122006,5.25,2.705,58.7
1,20141209,98.075,0.6773075,549.0905066,5.26625,2.68,58.7
1,20141210,92.5,0.803531,551.0753689,5.235,2.6,58.7
1,20141211,91.5,0.9339285,549.7985103,5.1425,2.54,58.7
1,20141212,91.185,1.078687,550.1189735,5.125,2.52,58.7
1,20141215,89.975,1.15908,549.4936906,5.09375,2.5,58.7
1,20141216,91.04,0.9800855,553.4643247,4.9725,2.45,58.7
1,20141217,94.21,0.989541,548.9942229,4.96625,2.53,58.7
1,20141218,94.495,1.0268235,551.8045682,4.9,2.475,58.7
1,20141219,95.6,1.0033075,549.712876,4.90875,2.515,58.7
1,20141222,96.735,0.8828325,550.1595959,5.0825,2.565,58.7
1,20141223,95,0.9258205,550.7345823,5.08375,2.54,58.7
1,20141224,97.29,0.9213885,549.1723632,5.13875,2.6,58.7
1,20141226,100.48,0.903663,550.140261,5.20875,2.69,58.7
1,20141229,104.23,0.9728305,549.9201229,5.16,2.665,58.7
1,20141230,107.61,1.0276315,550.6785566,5.1525,2.67,58.7
1,20141231,105.505,0.985484,549.8180136,5.14125,2.645,58.7
1,20150105,104.605,0.8375265,557.1045351,5.1075,2.665,58.7
1,20150106,103.89,0.8387145,553.6591587,5.0625,2.67,58.7
1,20150107,104.735,0.881666,554.8163044,5.01125,2.67,58.7
1,20150108,106.385,0.8915105,554.497875,4.98625,2.67,58.7
1,20150109,106.47,0.8982365,553.8210107,4.87625,2.605,58.7
1,20150112,106.75,0.9183515,555.4338365,4.8225,2.595,58.7
1,20150113,104.005,0.967897,554.5988703,4.91625,2.605,58.7
1,20150114,103.845,0.975258,553.4199208,4.96875,2.61,58.7
1,20150115,103.155,0.973749,554.5670155,4.93875,2.595,58.7
1,20150116,103.975,0.9271555,545.3619289,4.97,2.64,58.7
1,20150119,105.75,0.9498415,543.3871518,4.9,2.62,58.7
1,20150120,107,0.971557,546.3959953,4.94875,2.57,58.7
1,20150121,111.5,0.9514635,543.5310553,4.93625,2.46,58.7
1,20150122,111.125,0.921993,550.2405927,4.9975,2.31,58.7
1,20150123,110.41,0.8752995,550.6088771,5.015,2.295,58.7
1,20150126,110.99,0.8540015,555.8027085,5.105,2.435,58.7
1,20150127,113.345,0.880373,555.3787863,5.15625,2.465,58.7
1,20150128,117.415,0.8957075,554.6182566,5.15125,2.54,58.7
1,20150129,120.26,0.887343,553.3135523,4.98875,2.7,58.7
1,20150130,122.295,0.871375,548.5501674,4.90625,2.675,58.7
1,20150202,122.05,0.8703365,549.6656226,4.89,2.6,58.7
1,20150203,120.22,0.8484705,550.3502796,4.88,2.555,58.7
1,20150204,119.705,0.811375,550.8388656,4.83,2.7,58.7
1,20150205,121.08,0.830974,550.8899545,4.97375,2.74,58.7
1,20150206,121.345,0.8486325,550.9377835,5.0475,2.84,58.7
1,20150209,123.655,0.8577755,550.2876571,5.0825,3.12,58.7
1,20150210,124.97,0.8192205,550.572301,5.1275,3.105,58.7
1,20150211,122.955,0.8029865,562.8578769,5.07375,3,58.7
1,20150212,128.37,0.797471,551.0501684,5.15875,3.055,58.7
1,20150213,136.805,0.8244405,566.1542606,5.20875,3.05,58.7
1,20150216,140.31,0.8747755,555.1595751,5.54625,3.1,58.7
1,20150217,140.695,0.989273,552.1112581,5.53125,3.145,58.7
1,20150223,135.67,0.963416,549.6933632,5.5775,3.125,58.7
1,20150224,134.055,0.980089,550.5750804,5.55875,3.1,58.7
1,20150225,126.635,1.00612,550.2654735,5.565,3.045,58.7
1,20150226,123.245,0.9974635,551.0917308,5.54375,3.075,58.7
1,20150227,122.2,0.954709,553.7845477,5.5475,3.065,58.7
1,20150302,122.605,0.923787,542.5520005,5.53375,3.07,58.6
1,20150303,124.405,0.907395,544.5751792,5.545,3.1,58.6
1,20150304,127.82,0.921313,544.3281183,5.54375,3.095,58.6
1,20150305,130.55,0.904286,541.9412985,5.52125,3.095,58.6
1,20150306,133.945,0.8857925,540.599161,5.58625,3.17,58.6
1,20150309,134.925,0.8695025,535.7628855,5.58125,3.18,58.6
1,20150310,132.36,0.865209,518.4999479,5.56125,3.075,58.6
1,20150311,129.85,0.8722745,529.4117017,5.65875,3.04,58.6
1,20150312,131.245,0.8678835,522.3493136,5.67125,2.91,58.6
1,20150313,128.825,0.8513445,523.178822,5.66125,2.94,58.6
1,20150316,131.87,0.852663,522.6134873,5.7275,2.95,58.6
1,20150317,130.11,0.853143,536.7749622,5.765,2.875,58.6
1,20150318,131.15,0.903873,536.367326,5.63375,2.755,58.6
1,20150319,127.425,0.9428455,535.4652953,5.62625,2.745,58.6
1,20150320,130.265,0.943132,525.2737063,5.73,2.78,58.6
1,20150323,129.195,0.9530985,534.4594375,5.7525,2.77,58.6
1,20150324,126.425,0.9628375,538.9239857,5.75375,2.77,58.6
1,20150325,128.51,0.9531365,538.8168935,5.76,2.755,58.6
1,20150326,131.125,0.95857,541.0290608,5.85,2.77,58.6
1,20150327,131.615,0.9481835,539.1299792,5.72125,2.825,58.6
1,20150330,134.095,0.9552265,544.2269473,5.6375,2.805,58.6
1,20150331,137.66,0.96577,543.8490543,5.42,2.675,58.6
1,20150401,134.31,0.9829725,540.8084981,5.19,2.615,58.6
1,20150402,133.09,0.9875495,543.2024234,5.27625,2.715,58.6
1,20150403,117.92,1.034608,543.7384398,5.3475,2.71,58.6
1,20150406,117.725,1.165,543.1470132,5.2925,2.675,58.6
1,20150407,126.75,1.115,546.1815186,5.21625,2.7,58.6
1,20150408,129.235,1.145,543.9014286,5.25875,2.675,58.6
1,20150409,127.905,1.23,543.8237622,5.31125,2.705,58.6
1,20150410,128.315,1.24,540.174355,5.45625,2.715,58.6
1,20150413,126.09,1.27,525.2627056,5.47125,2.71,58.6
1,20150414,128.665,1.43,523.2719744,5.555,2.72,58.6
1,20150415,130.38,1.385,528.4300849,5.655,2.755,58.6
1,20150416,130.725,1.485,528.7339619,5.66125,2.765,58.6
1,20150417,133.11,1.54,537.344922,5.58625,2.72,58.6
1,20150420,136.605,1.525,543.042851,5.63875,2.695,58.6
1,20150421,141.51,1.765,539.3955267,5.6275,2.82,58.6
1,20150422,142.26,2.1,540.3170746,5.55375,2.515,58.6
1,20150423,147.33,2.36,539.5762244,5.56125,2.51,58.6
1,20150424,144.915,2.415,541.9149997,5.53875,2.44,58.6
1,20150427,150.765,2.39,550.9555006,5.52375,2.305,58.6
1,20150428,166.59,2.51,551.0752103,5.51,2.31,58.6
1,20150429,171.93,2.455,551.3337214,5.5,2.34,58.6
1,20150430,179.81,2.505,546.9984908,5.5625,2.325,58.6
1,20150504,189.46,2.36,546.0642705,5.5425,2.34,58.7
1,20150506,203,2.22,545.5713889,5.5525,2.3,58.7
1,20150507,192.97,2.305,544.7170329,5.53625,2.285,58.7
1,20150508,183.685,2.44,544.8367315,5.6375,2.28,58.7
1,20150511,182.08,2.535,543.4626839,5.6775,2.33,58.7
1,20150512,186.52,2.54,544.3928364,5.56125,2.295,58.7
1,20150513,195.34,2.515,545.3988425,5.52125,2.275,58.7
1,20150514,201.67,2.8,546.5195406,5.5625,2.29,58.7
1,20150515,204.565,3.075,544.3382269,5.29125,2.33,58.7
1,20150518,202.015,3.605,546.3402348,5.1525,2.33,58.7
1,20150519,204.39,4.32,542.8580175,5.18375,2.325,58.7
1,20150520,204.705,5.315,541.5618532,5.23625,2.365,58.7
1,20150521,209.52,5.825,540.0061319,5.295,2.36,58.7
1,20150522,222.475,4.955,541.0495105,5.33125,2.35,58.7
1,20150526,238.44,4.96,541.5612152,5.31875,2.345,58.7
1,20150527,282.86,4.75,536.3735519,5.28375,2.325,58.7
1,20150528,317.795,4.135,532.980708,5.29,2.305,58.7
1,20150529,345.265,4.095,534.91475,5.25125,2.315,58.7
1,20150601,313.97,4.53,546.1190126,5.22875,2.29,58.3
1,20150602,331.525,4.44,535.1877152,5.18375,2.25,58.3
1,20150603,352.805,4.47,547.2206484,5.3425,2.24,58.3
1,20150604,386.925,5.145,550.8098988,5.50125,2.3,58.3
1,20150605,410.545,5.67,550.4529371,5.5475,2.285,58.3
1,20150608,417,5.875,542.9417681,5.59125,2.275,58.3
1,20150609,432.915,6.1,546.3385311,5.535,2.275,58.3
1,20150610,470.41,6.005,546.149491,5.47875,2.3,58.3
1,20150611,631.25,6.43,545.377,5.46625,2.295,58.3
1,20150612,524.05,6.33,544.6692129,5.51875,2.315,58.3
1,20150615,655.345,7.11,546.5304835,5.48,2.31,58.3
1,20150616,724.49,8.06,538.0294643,5.46875,2.32,58.3
1,20150617,808.335,9.215,536.5335036,5.38625,2.325,58.3
1,20150618,765.115,9.445,537.1911522,5.415,2.33,58.3
1,20150619,782.555,11.12,542.786747,5.34375,2.315,58.3
1,20150622,864.67,10.915,544.8051874,5.25125,2.32,58.3
1,20150623,946.82,10.48,543.3470943,5.2725,2.345,58.3
1,20150624,1019.865,9.495,541.8113466,5.37125,2.445,58.3
1,20150625,1131.375,11.615,545.2433333,5.4725,2.535,58.3
1,20150626,967.45,10.995,544.7461224,5.47375,2.525,58.3
1,20150629,996.915,12.31,547.9955332,5.435,2.625,58.3
1,20150630,1053.605,14.365,550.1482978,5.38,2.595,58.3
1,20150701,1113.14,13.295,544.18472,5.27625,2.615,58.4
1,20150702,1025.735,12.625,542.4256909,5.28875,2.615,58.4
1,20150703,935.915,13.115,543.2153775,5.20875,2.46,58.4
1,20150706,747.43,11.54,544.1309675,5.1,2.365,58.4
1,20150707,736.695,9.85,534.4147566,5.0375,2.39,58.4
1,20150708,851.415,10.49,532.2840032,5.14,2.42,58.4
1,20150709,944.775,10.235,532.8299068,5.105,2.51,58.4
1,20150710,917.905,11.085,530.1078992,5.06875,2.49,58.4
1,20150713,873.445,11.605,530.3412413,4.91125,2.08,58.4
1,20150714,900.92,11.835,529.7984803,4.91125,2.04,58.4
1,20150715,881.505,11.65,530.5125348,4.9175,1.995,58.4
1,20150716,855.58,10.95,528.582907,4.9425,1.99,58.4
1,20150717,775.25,10.885,532.3099993,4.9675,1.97,58.4
1,20150720,692.855,10.58,529.7688346,4.945,2.015,58.4
1,20150721,549.915,11.135,541.9125125,4.9425,2.02,58.4
1,20150722,605.06,11.63,546.8548073,4.99875,1.935,58.4
1,20150723,662.245,11.825,545.2936755,4.99375,1.82,58.4
1,20150724,616.72,11.665,543.2133034,4.975,1.805,58.4
1,20150727,626.19,11.625,509.1605441,4.96625,1.805,58.4
1,20150728,645.975,11.545,516.9996845,4.8525,1.785,58.4
1,20150729,665.05,11.61,514.7332053,4.91875,1.78,58.4
1,20150730,730.845,10.67,515.9927713,4.89375,1.71,58.4
1,20150731,745.555,10.625,514.4349967,4.8275,1.655,58.4
1,20150803,726.205,10.38,545.4076141,4.8775,1.695,58.2
1,20150804,731.525,10.025,529.051894,4.9675,1.875,58.2
1,20150805,753.42,9.58,527.2893447,5.0175,1.935,58.2
1,20150806,749.375,8.34,543.0142525,4.9925,1.955,58.2
1,20150807,765.16,8.475,544.0214987,5.02,2.05,58.2
1,20150810,793.76,7.895,546.2562798,5.07125,2.115,58.2
1,20150811,811.635,7.895,548.8570988,5.17875,2.155,58.2
1,20150812,903.46,8.36,544.6912273,5.09875,2.135,58.2
1,20150813,961.415,8.38,546.5184737,5.65625,2.1,58.2
1,20150817,883.87,9.13,545.3747772,5.82875,1.9,58.2
1,20150818,823.43,9.005,545.6912118,5.915,1.905,58.2
1,20150819,834.25,8.955,545.1572932,5.89625,1.885,58.2
1,20150820,846.895,8.57,547.8452317,5.9075,1.85,58.2
1,20150821,891.6,8.34,545.651072,5.88,1.82,58.2
1,20150824,889.845,7.97,547.5333667,5.825,1.84,58.2
1,20150825,833.67,8.145,547.086114,5.785,1.785,58.2
1,20150826,840.675,8.215,546.0033375,5.75625,1.785,58.2
1,20150827,850.895,7.305,546.4865958,5.61125,1.75,58.2
1,20150828,820.27,7.645,541.6412273,5.4775,1.74,58.2
1,20150831,828.78,7.54,543.6676096,5.22875,1.74,58.2
1,20150901,848.245,7.45,557.1523201,5.2475,1.74,58.1
1,20150902,870.13,8.41,561.3306789,5.32625,1.695,58.1
1,20150903,853.755,9.585,559.7639975,5.56875,1.79,58.1
1,20150904,835.445,9.725,549.3529264,5.6675,1.81,58.1
1,20150907,803.005,9.65,553.8624457,5.64625,1.83,58.1
1,20150908,827.205,9.67,555.0286803,5.45,1.765,58.1
1,20150909,870.94,9.495,555.5257409,5.5,1.745,58.1
1,20150910,825.055,9.345,554.7553972,5.61,1.805,58.1
1,20150911,799.74,9.265,560.7178163,5.4975,1.8,58.1
1,20150914,823.36,9.42,561.7539365,5.62,1.855,58.1
1,20150915,814.78,9.37,560.5795619,5.64,1.9,58.1
1,20150916,822.235,9.7,558.3989723,5.6075,1.855,58.1
1,20150917,832.695,10.535,558.3322031,5.63,1.975,58.1
1,20150918,816.85,10.215,558.8970217,5.675,1.905,58.1
1,20150921,830.555,10.185,552.6317276,5.71125,1.84,58.1
1,20150922,824.615,10.705,550.7106522,5.745,1.875,58.1
1,20150923,795.2,11.82,548.7742469,5.87125,1.905,58.1
1,20150924,718.775,13.22,551.7141002,5.7925,1.885,58.1
1,20150925,691.845,14.105,553.7712589,5.8475,1.855,58.1
1,20150930,683.76,14.215,554.1804196,5.74375,1.78,58.1
1,20151001,627.105,13.585,550.6948766,5.745,1.735,58.1
1,20151002,674.56,14.06,551.6154452,5.7725,1.695,58.1
1,20151005,657.97,13.84,551.0120572,5.93125,1.715,58.1
1,20151006,629.95,12.89,548.8782141,5.86375,1.68,58.1
1,20151007,616.38,12.335,552.6519725,5.87125,1.67,58.1
1,20151008,647.34,12.525,550.7005086,6.05875,1.7,58.1
1,20151012,624.635,11.445,556.329229,6.02375,1.745,58.1
1,20151013,632.13,11.365,557.0938429,6.07375,1.775,58.1
1,20151014,629.15,12.235,562.9675172,6.32,1.82,58.1
1,20151015,625.235,12.575,561.4646666,6.36375,1.83,58.1
1,20151016,591.935,13.455,560.3604241,6.45875,1.845,58.1
1,20151019,556.715,13.88,557.1640156,6.46375,1.9,58.1
1,20151020,586.53,13.84,555.7706546,6.4825,1.925,58.1
1,20151021,619.805,13.56,557.3164529,6.55125,1.905,58.1
1,20151022,573.155,13.685,556.7280377,6.57625,1.9,58.1
1,20151023,480.895,13.82,546.3201401,6.77375,1.94,58.1
1,20151026,568.19,13.895,545.6378612,6.89,2.005,58.1
1,20151027,580.335,14.16,547.2231063,6.94625,1.945,58.1
1,20151028,564.655,14.53,544.2441801,6.94625,1.96,58.1
1,20151029,556.335,14.455,546.217743,6.9225,2,58.1
1,20151030,561.875,14.125,540.8650156,6.93375,2.065,58.1
1,20151102,631.715,13.955,548.098988,7.0225,2.125,58.1
1,20151103,675.95,15.045,549.1004725,7.125,2.155,58.1
1,20151104,660.28,16.68,544.760321,7.11,2.165,58.1
1,20151105,659.78,18.285,549.3027613,7.115,2.13,58.1
1,20151106,640.845,18.31,550.2386622,7.10875,2.16,58.1
1,20151109,619.8,19.595,543.4493127,7.01625,2.145,58.1
1,20151110,628.15,17.545,544.975619,7.0425,2.135,58.1
1,20151111,629.89,12.67,540.9525194,7.1275,2.15,58.1
1,20151112,628.63,11.91,543.4323888,7.10875,2.225,58.1
1,20151113,638.77,11.485,545.1411705,7.06625,2.24,58.1
1,20151116,637.525,12.355,545.0677753,6.985,2.205,58.1
1,20151117,633.37,14.445,541.9913142,7.72,2.17,58.1
1,20151118,633.22,13.175,538.4980452,7.80875,2.14,58.1
1,20151119,632.815,13.895,538.0686265,7.665,2.06,58.1
1,20151120,624.77,14.3,543.6349613,7.68125,2.055,58.1
1,20151123,613.095,14.015,538.8489592,7.62375,2.035,58.1
1,20151124,615.55,13.935,536.6011935,7.52625,1.99,58.1
1,20151125,598.62,12.85,538.9028982,7.54625,1.985,58.1
1,20151126,583.2,12.365,537.3595837,7.61625,2.005,58.1
1,20151127,563.47,12.495,536.8026901,7.64375,2.065,58.1
1,20151130,565.56,12.11,536.0435987,7.79,2.125,58.1
1,20151201,569.165,12.085,534.6521264,7.84125,2.19,58
1,20151202,579.025,11.87,537.2842757,7.8075,2.21,58
1,20151203,580.495,11.635,535.3093002,7.7775,2.285,58
1,20151204,525.9,10.55,551.7570725,7.8125,2.355,58
1,20151207,499.625,10.695,550.5409566,7.815,2.35,58
1,20151208,497.295,10.185,548.8470156,7.90625,2.31,58
1,20151209,468.275,10.74,550.3403876,8.09375,2.34,58
1,20151210,463.195,11.095,556.1850668,8.19625,2.285,58
1,20151211,476.17,10.895,553.8821881,8.17125,2.255,58
1,20151214,463.16,10.635,556.4003188,8.28,2.25,58
1,20151215,432.23,10.595,558.3611286,8.34375,2.285,58
1,20151216,441.87,10.495,552.6180726,8.27375,2.325,58
1,20151217,453.885,11.14,553.5538098,8.265,2.36,58
1,20151218,459.645,11.96,546.8991469,8.2325,2.415,58
1,20151221,453.84,11.765,549.978536,8.1625,2.415,58
1,20151222,451.765,11.34,553.2494083,8.11625,2.345,58
1,20151223,448.83,11.28,555.1983886,8.245,2.375,58
1,20151224,401.05,11.51,550.643393,8.25375,2.46,58
1,20151228,390.52,12.28,555.5025,8.27625,2.56,58
1,20151229,427.7,12.35,555.8319741,8.10875,2.485,58
1,20151230,411.325,13.675,552.5155035,8.14125,2.48,58
1,20151231,438.56,14.475,552.4660427,8.24875,2.66,58
1,20160104,486.27,13.38,549.6320834,8.26375,2.845,57.7
1,20160105,522.58,13.27,546.2916485,8.27,2.93,57.7
1,20160106,509.195,12.79,543.5590519,8.1875,2.94,57.7
1,20160107,485.67,12.575,544.6213716,8.35625,3.015,57.7
1,20160108,487.06,12.74,549.3284008,8.415,2.985,57.7
1,20160111,500.855,12.71,552.8716419,8.30625,2.94,57.7
1,20160112,501.885,12.63,551.0991273,8.0775,2.725,57.7
1,20160113,495.4,12.03,548.2405299,8.2425,2.72,57.7
1,20160114,489.535,11.475,549.2771241,7.9575,2.59,57.7
1,20160115,491.71,9.67,538.7790642,7.60375,2.37,57.7
1,20160118,471.625,9.65,541.5300338,7.53375,2.26,57.7
1,20160119,456.82,10.725,545.2525081,7.38,2.24,57.7
1,20160120,447.86,10.97,546.0786195,7.57375,2.37,57.7
1,20160121,435.235,10.615,535.3839442,7.48,2.33,57.7
1,20160122,443.41,10.935,530.1439883,7.1025,2.28,57.7
1,20160125,443.9,11.095,527.810472,6.81125,2.06,57.7
1,20160126,454.12,11.825,545.1647621,6.95875,2.005,57.7
1,20160127,450.665,12.22,536.763781,6.785,1.85,57.7
1,20160128,440.04,11.95,538.150279,6.93,1.995,57.7
1,20160129,434.91,11.84,527.6346153,7.11375,2.075,57.7
1,20160201,434.295,11.65,527.375524,7.14125,2.08,57.6
1,20160202,435.645,11.395,548.0575314,7.12625,2.09,57.6
1,20160203,437.29,11.155,551.9345959,7.07125,2.125,57.6
1,20160204,443.27,11.12,559.5000918,7.02375,2.12,57.6
1,20160205,446.415,10.95,564.4183184,7.19125,2.135,57.6
1,20160211,452.12,10.875,554.1000462,7.3075,2.15,57.6
1,20160212,444.37,10.765,561.3808037,7.12625,2.05,57.6
1,20160215,438.245,11.025,560.49027,7,2.015,57.6
1,20160216,439.475,11.12,554.0857073,7.0975,2.1,57.6
1,20160217,443.58,11.21,555.2318619,6.835,2.03,57.6
1,20160218,446.715,11.065,546.8334917,6.37625,1.925,57.6
1,20160219,447.81,11.08,539.9985804,6.41875,1.925,57.6
1,20160222,449.64,11.205,546.469498,6.46,1.905,57.6
1,20160223,447.275,11.33,541.1142805,6.2925,1.875,57.6
1,20160224,445.33,11.215,540.8686685,6.31625,1.865,57.6
1,20160225,468.725,11.035,541.1631911,6.63125,1.86,57.6
1,20160226,488.93,10.97,541.6049794,6.8925,1.895,57.6
1,20160229,507.775,11.13,551.7791659,7.61,1.94,57.6
1,20160302,531.02,11.43,548.7458415,7.545,1.88,57.6
1,20160303,520.725,12.115,548.5436051,7.83625,1.985,57.6
1,20160304,550.855,12.095,554.363341,7.8775,2.015,57.6
1,20160307,576.86,11.855,557.0158059,7.80875,1.985,57.6
1,20160308,571.975,11.63,556.3617814,7.92125,2.01,57.6
1,20160309,571.355,11.7,558.2847466,7.935,2.065,57.6
1,20160310,569.35,11.6,557.7795511,7.92,2.1,57.6
1,20160311,593.31,11.625,562.5820628,8.0175,2.16,57.6
1,20160314,614.595,11.475,562.8086368,8.19625,2.255,57.6
1,20160315,645.71,11.535,558.6027105,8.15625,2.425,57.6
1,20160316,642.125,11.88,557.0776256,8.15375,2.42,57.6
1,20160317,662.445,11.9,556.0498811,8.06375,2.415,57.6
1,20160318,646.325,11.78,557.8855544,7.98125,2.38,57.6
1,20160321,651.81,11.985,545.319306,7.925,2.275,57.6
1,20160322,656.835,11.93,546.7021851,7.8925,2.23,57.6
1,20160323,650.925,12.03,519.6139965,8,2.415,57.6
1,20160324,656.175,12.325,541.7816662,8.04375,2.625,57.6
1,20160325,651.045,12.6,511.5424358,7.98875,2.57,57.6
1,20160328,653.09,12.575,543.052051,8.12,2.565,57.6
1,20160329,644.795,12.805,544.5315124,8.18875,2.755,57.6
1,20160330,605.69,13.775,547.9388788,8.40625,2.85,57.6
1,20160331,600.42,13.8,549.3273923,8.38375,2.825,57.6
1,20160401,575.545,13.075,553.9892097,8.44,2.78,57.5
1,20160404,573.915,13.275,559.2990532,8.56625,2.755,57.5
1,20160405,597.895,13.01,559.6523151,8.56875,2.715,57.5
1,20160406,600.645,12.955,558.9653311,8.67,2.785,57.5
1,20160407,610.14,12.955,560.3147661,8.75875,2.79,57.5
1,20160408,604.63,13.035,557.7977771,8.96875,2.915,57.5
1,20160411,593.755,13.28,558.051538,8.91875,2.84,57.5
1,20160412,593.6,13.205,558.0154483,8.91375,2.82,57.5
1,20160414,600.315,13.18,539.8948769,9.0375,2.835,57.5
1,20160415,594.775,13.18,546.3239097,8.9275,2.78,57.5
1,20160418,589.665,13.22,546.5389216,8.80625,2.76,57.5
1,20160419,574.615,13.34,547.6488826,8.89625,2.72,57.5
1,20160420,573.18,13.37,544.8958339,8.9075,2.72,57.5
1,20160421,590.005,13.195,546.9255371,9.02875,2.78,57.5
1,20160422,600.195,12.915,545.7393724,8.89875,2.805,57.5
1,20160425,600.12,12.76,544.2313519,9.09375,2.775,57.5
1,20160426,622.52,12.37,546.8517433,9.18625,2.745,57.5
1,20160427,648.985,12.17,547.7250499,9.27125,2.715,57.5
1,20160428,647.51,11.84,545.4289902,9.20875,2.725,57.5
1,20160429,646.035,11.955,546.5283845,9.1575,2.695,57.5
1,20160502,638.915,11.89,552.9111432,9.11,2.665,57.5
1,20160503,634.905,11.985,549.9127168,9.11,2.65,57.5
1,20160504,627.085,11.89,549.9458113,9.11625,3.585,57.5
1,20160509,623.805,11.97,499.940129,9.10375,3.565,57.5
1,20160510,624.8,11.945,499.1506048,9.17625,3.595,57.5
1,20160511,619.235,12.465,498.8648972,9.20625,3.64,57.5
1,20160512,623.93,12.265,501.0795631,9.17625,3.7,57.5
1,20160513,631.82,12.145,498.7780569,8.90875,3.57,57.5
1,20160516,629.82,12.115,495.7088097,8.99,3.66,57.5
1,20160517,622.33,12.07,496.3890946,8.875,3.645,57.5
1,20160518,622.39,12.04,496.4329393,8.69625,3.605,57.5
1,20160519,619.21,12.005,494.7449083,8.76125,3.705,57.5
1,20160520,617.345,11.57,491.1503532,8.7825,3.695,57.5
1,20160523,624.84,11.52,492.009158,8.82,3.565,57.5
1,20160524,625.67,11.265,492.1146483,8.8975,3.62,57.5
1,20160525,622.63,10.87,488.6517408,9.04125,3.64,57.5
1,20160526,608,10.74,489.4843326,8.92625,3.615,57.5
1,20160527,598.025,10.935,490.2758983,10,3.64,57.5
1,20160530,596.185,10.97,487.140595,10.4175,3.75,57.5
1,20160531,585.045,11.05,523.7238027,10.505,3.835,57.5
1,20160601,575.01,10.87,523.5360145,10.73125,3.87,57.5
1,20160602,590.775,10.525,537.8776021,10.87375,3.77,57.5
1,20160603,585.4,10.415,537.7893351,11.0325,3.855,57.5
1,20160607,587.845,10.02,533.9645804,11.1025,4.04,57.5
1,20160608,585.295,10.06,533.4715798,11.225,4.065,57.5
1,20160609,593.455,10.13,535.75013,11.3125,4.25,57.5
1,20160610,591.2,9.745,531.8040923,11.3875,4.275,57.5
1,20160613,582.78,9.615,528.5662044,11.44,4.5,57.5
1,20160614,571.775,9.615,530.2301746,11.61125,4.605,57.5
1,20160615,552.85,9.59,526.5895494,11.7025,4.51,57.5
1,20160616,522.485,9.915,528.0694635,11.7675,4.235,57.5
1,20160617,503.055,9.86,527.4356354,11.55,4.14,57.5
1,20160620,504.61,9.39,529.6657947,11.62,4.34,57.5
1,20160621,501.91,9.48,531.4280737,11.63625,4.57,57.5
1,20160622,471.61,9.405,529.102019,11.53875,4.47,57.5
1,20160623,470.625,9.055,530.4181694,11.67125,4.43,57.5
1,20160624,492.9,8.865,533.4007063,11.6725,4.385,57.5
1,20160627,521.175,8.31,522.3158691,11.74375,4.4,57.5
1,20160628,511.38,8.455,517.1242717,11.6575,4.42,57.5
1,20160629,505.12,7.94,518.8199951,11.815,4.39,57.5
1,20160630,507.615,7.695,522.0094056,11.7725,4.605,57.5
1,20160701,511.52,6.95,518.6979715,11.76875,4.975,57.4
1,20160704,507.76,7.935,531.8696253,11.95125,5.27,57.4
1,20160705,489.845,8.36,540.6605322,11.88625,5.295,57.4
1,20160706,477.655,8.185,534.5451079,11.85375,5.24,57.4
1,20160707,485.51,8.44,534.5931125,12.02375,5.155,57.4
1,20160708,485.8,7.98,533.3153416,11.5825,4.915,57.4
1,20160711,485.175,7.865,477.4976379,11.28375,4.85,57.4
1,20160712,479.31,7.71,477.718837,11.4275,5.05,57.4
1,20160713,472.58,7.825,478.3460644,11.64875,5.25,57.4
1,20160714,481.31,7.75,479.9869364,11.70625,5.07,57.4
1,20160715,478.48,7.66,480.4192119,11.7325,5.07,57.4
1,20160718,476.32,7.8,476.767922,11.6825,4.965,57.4
1,20160719,477.985,7.425,478.3672475,11.83875,5.005,57.4
1,20160720,476.32,7.28,538.3776399,12.10125,5.02,57.4
1,20160721,460.295,7.19,487.0799186,12.53875,4.985,57.4
1,20160722,406.185,7.35,536.1965405,12.99,5.095,57.4
1,20160725,406.59,8.035,483.6268446,13.1525,5.09,57.4
1,20160726,402.805,8.26,484.230076,13.2375,5.115,57.4
1,20160727,402.025,8.035,484.3844471,13.3025,5.15,57.4
1,20160728,418.88,8.225,484.6487031,13.0975,5.15,57.4
1,20160729,428.62,8.245,488.0639602,13.275,5.35,57.4
1,20160801,416.495,9.16,492.4065486,13.32125,5.445,57.4
1,20160802,407.475,10.42,492.0161687,13.49875,5.45,57.4
1,20160803,401.995,10.645,494.7613439,13.41375,5.275,57.4
1,20160804,387.675,10.13,491.6768767,13.46125,5.71,57.4
1,20160805,378.725,9.935,490.4651867,13.82125,6.435,57.4
1,20160808,382.21,10.11,488.5439477,14.12625,6.935,57.4
1,20160809,386.08,10.46,488.1742683,14.1175,6.83,57.4
1,20160810,379.225,10.49,489.4958847,14.07625,6.86,57.4
1,20160811,367.78,10.06,492.401046,14.07875,6.855,57.4
1,20160812,345.19,9.63,490.9056068,14.23875,6.745,57.4
1,20160816,315.55,9.68,492.9574313,14.06625,6.375,57.4
1,20160817,323.845,9.665,496.920117,13.995,6.3,57.4
1,20160818,329.865,9.8,496.3033214,14.23,6.49,57.4
1,20160819,340.775,9.755,499.8066019,14.48,6.615,57.4
1,20160822,364.015,10.23,540.9339818,14.6575,6.75,57.4
1,20160823,361.57,10.31,537.5982576,14.775,6.66,57.4
1,20160824,367.785,10.555,537.6413461,14.7275,6.415,57.4
1,20160825,383.065,10.78,537.8115258,14.83125,6.525,57.4
1,20160826,395.5,10.755,538.0999003,15.50125,6.67,57.4
1,20160829,385.94,10.67,535.558391,15.70375,6.875,57.4
1,20160830,380.435,10.55,538.2343068,15.675,6.795,57.4
1,20160831,387.065,10.59,547.9780092,15.425,6.68,57.4
1,20160901,390.2,10.525,537.6593538,15.3775,6.9,57.1
1,20160902,384.165,10.505,536.3482794,15.56625,7.61,57.1
1,20160905,386.74,10.51,535.9397658,15.54,7.66,57.1
1,20160906,370.75,10.65,535.8871417,15.75625,7.635,57.1
1,20160907,351.37,10.72,540.7878447,15.60125,7.52,57.1
1,20160908,351.575,10.935,539.8764045,15.34375,7.345,57.1
1,20160909,356.33,11.405,540.8684417,15.4475,7.63,57.1
1,20160912,346.585,11.41,541.5609208,15.5525,7.68,57.1
1,20160913,342.99,11.515,542.1088129,15.4625,7.525,57.1
1,20160919,330.795,11.135,533.4025035,15.385,7.4,57.1
1,20160920,329.74,11.335,531.9106145,15.59,7.265,57.1
1,20160921,328.425,11.35,535.0137336,15.64625,7.51,57.1
1,20160922,345.695,12.31,529.342854,15.69375,7.425,57.1
1,20160923,347.255,12.84,532.0962427,15.6325,6.925,57.1
1,20160926,344.59,12.73,536.6357301,15.52,6.4,57.1
1,20160927,366.19,12.755,538.3788287,15.1625,6.045,57.1
1,20160928,398.855,12.665,536.6595578,14.77375,5.92,57.1
1,20160929,429.105,12.49,536.5943898,15.10375,5.805,57.1
1,20160930,388.27,12.885,536.1353957,15.01375,5.915,57.1
1,20161004,382.7,13.055,536.5134529,15.39,6.075,56.9
1,20161005,393.85,13.35,535.1762731,15.67125,6.095,56.9
1,20161006,380.19,14.975,536.4200637,16.0587505,6.18,56.9
1,20161007,350.995,16.465,533.8913068,15.8925,6.2,56.9
1,20161010,357.86,18.15,532.7527937,16.0312505,6.23,56.9
1,20161011,362.015,19.54,528.5303867,16.2612505,6.385,56.9
1,20161012,384.74,18.825,527.4196003,16.2437505,6.48,56.9
1,20161013,371.76,19.605,531.1549615,16.01625,6.425,56.9
1,20161014,371.135,19.135,529.1359384,16.3374995,6.435,56.9
1,20161017,370.65,17.765,527.5846898,16.595,6.565,56.9
1,20161018,379.875,17.12,527.0568064,16.7075005,6.635,56.9
1,20161019,377.92,18.67,525.8114035,17.070001,6.87,56.9
1,20161020,380.165,20.3,452.3213473,17.2300005,7.01,56.9
1,20161021,378.69,27.05,526.3346744,17.1862495,6.99,56.9
1,20161024,373.21,28.625,521.6195725,17.1999995,6.855,56.9
1,20161025,374.7,41.265,522.1926997,16.7612505,6.805,56.9
1,20161026,368.96,39.285,523.3924352,16.8287505,6.79,56.9
1,20161027,349.375,44.335,525.7348138,16.7537495,6.87,56.9
1,20161028,351.135,41.605,528.8762447,16.575001,6.61,56.9
1,20161031,349.485,43.025,529.8618724,16.5112495,6.595,56.9
1,20161101,348.375,50.945,534.254449,16.1875005,6.39,56.9
1,20161102,324.55,50.695,537.7602864,16.525,6.93,56.9
1,20161103,312.65,52.21,537.0645662,16.5149995,6.805,56.9
1,20161104,324.265,49.575,549.0357453,16.6549995,6.79,56.9
1,20161107,327.275,50.405,544.5131376,16.575,6.685,56.9
1,20161108,332.945,48.35,534.9812403,16.78125,6.875,56.9
1,20161109,328.05,46.115,540.6632851,16.8200005,6.51,56.9
1,20161110,319.815,43.73,537.4644531,17.3474995,6.775,56.9
1,20161111,324.025,46.19,543.64563,17.8187505,7.185,56.9
1,20161114,320.77,43.27,538.5874158,18.018749,7.37,56.9
1,20161115,315.555,42.845,538.7411669,17.905,7.28,56.9
1,20161116,316.29,43.47,529.2292881,17.81625,7.275,56.9
1,20161117,315.2,43.28,527.0570138,17.7974995,7.33,56.9
1,20161118,314.705,45.17,524.1574528,17.5124995,7.175,56.9
1,20161121,298.115,48.61,536.1260162,17.3949995,6.865,56.9
1,20161122,272.42,48.405,546.115706,16.9725,6.675,56.9
1,20161123,271.71,48.375,543.5797254,16.9137505,6.59,56.9
1,20161124,280.125,48.665,546.1652229,17.6525,6.875,56.9
1,20161125,290.915,48.4,548.0307315,17.7837495,6.965,56.9
1,20161128,288.16,49.665,546.2645503,17.4525,6.845,56.9
1,20161129,285.82,49.105,543.5715044,17.2825005,6.565,56.9
1,20161130,272.34,48.9,536.7357732,20.9087495,6.58,56.9
1,20161201,244.095,48.53,539.360119,21.476251,6.725,56.9
1,20161202,202.985,50.055,541.2891789,21.4224995,6.935,56.9
1,20161205,203.305,57.23,551.7529752,22.3637495,7.41,56.9
1,20161206,206.605,66.49,548.0384264,23.18,8.27,56.9
1,20161207,210.195,73.685,549.9625118,23.2662505,8.615,56.9
1,20161208,231.725,76.865,541.7346853,23.34375,9.04,56.9
1,20161209,230.025,77.93,541.224834,23.264999,8.8,56.9
1,20161212,239.115,88.495,548.2790066,23.5024995,8.68,56.9
1,20161213,281.73,94.415,549.4840974,23.5637505,8.8,56.9
1,20161214,263.065,94.055,551.001705,23.5424995,8.85,56.9
1,20161215,229.71,86.725,524.5126504,23.3712505,9.04,56.9
1,20161216,224.905,95.515,529.6753927,23.2825005,9.01,56.9
1,20161219,232.42,90.235,528.513217,22.1174995,8.645,56.9
1,20161220,225.585,91.13,525.3297331,21.740001,8.56,56.9
1,20161221,223.37,87.85,527.3011571,22.70125,8.58,56.9
1,20161222,225.26,115.305,528.8192268,23.1625005,9.18,56.9
1,20161223,220.5,129.17,528.8192268,23.4250005,9.515,56.9
1,20161226,218.57,142.46,487.2992487,23.708751,10.23,56.9
1,20161227,219.905,176.74,462.8463871,23.1224995,10.205,56.9
1,20161228,247.67,190.745,460.4467532,22.1862495,10.655,56.9
1,20161229,234.27,143.695,478.6468192,22.7925005,10.6,56.9
1,20161230,238.295,180.83,496.7282322,23.585,10.505,56.9
1,20170102,243.2,226.27,527.7143755,24.5675005,10.785,57.4
1,20170103,240.12,224.495,524.8568156,24.80375,10.915,57.4
1,20170104,238.15,237.195,527.8249031,25.1812495,10.76,57.4
1,20170105,235.985,257.175,534.1514853,26.28125,11.33,57.4
1,20170106,246.545,259.355,531.9472296,26.2074995,11.515,57.4
1,20170109,252.085,258.115,532.9033622,26.9250005,11.61,57.4
1,20170110,253.795,272.255,532.762539,27.013749,11.43,57.4
1,20170111,276.98,335.59,532.1169418,28.5725,11.84,57.4
1,20170112,273.22,390.62,539.6251566,28.5775005,11.94,57.4
1,20170113,273.99,332.57,537.6613717,26.78625,11.315,57.4
1,20170116,275.215,357.24,534.6881013,27.2775005,11.515,57.4
1,20170117,294.89,379.71,539.4372373,25.71875,11.335,57.4
1,20170118,294.75,364.455,540.6930154,25.87875,11.38,57.4
1,20170119,289.92,340.41,538.0977091,25.8587505,11.46,57.4
1,20170120,283.66,336.325,540.4822301,25.6812495,11.3,57.4
1,20170123,289.9,332.855,544.7065395,26.4375,11.475,57.4
1,20170124,288.37,308.72,545.205288,26.8525,11.48,57.4
1,20170125,267.605,275.055,552.5288901,26.2937495,11.28,57.4
1,20170126,262.005,304.755,548.1624469,25.79,10.685,57.4
1,20170131,258.925,314.04,555.1467018,26.0074995,10.715,57.4
1,20170201,264.67,301.805,550.7222993,25.4712495,10.005,57.3
1,20170202,269.525,281.185,538.3759733,25.2925005,9.76,57.3
1,20170203,255.58,279.015,552.2427512,26.1800005,10,57.3
1,20170206,242.855,286.14,547.4932904,26.240001,9.815,57.3
1,20170207,249.63,280.25,545.2047765,26.1999995,9.87,57.3
1,20170208,250.595,271.995,539.432278,26.56,10.22,57.3
1,20170209,246.995,259.055,537.0982181,26.9537505,10.565,57.3
1,20170210,245.735,248.625,536.4350492,27.081249,10.48,57.3
1,20170213,244.35,220.02,534.0826479,27.5925,10.625,57.3
1,20170214,249.94,201.84,532.9237472,27.365001,10.49,57.3
1,20170215,253.18,215.94,534.3533304,27.28125,10.445,57.3
1,20170216,258.19,185.41,537.3678571,27.9975005,11.475,57.3
1,20170217,249.035,176.395,537.1881954,28.474999,12.305,57.3
1,20170220,242.76,225.025,537.1208259,28.725,12.27,57.3
1,20170221,236.86,218.56,533.393102,28.91625,13.04,57.3
1,20170222,229.47,224.785,533.083856,29.8525,13.665,57.3
1,20170223,220.65,224.7,535.2278139,29.461249,13.415,57.3
1,20170224,226.795,210.585,535.0183026,29.3324995,13.645,57.3
1,20170227,222.6,203.85,537.5444579,29.1624995,13.555,57.3
1,20170228,224.165,194.165,537.0666355,27.7725,13.665,57.3
1,20170302,235.695,198.64,531.6826999,27.055,13.34,57.3
1,20170303,234.84,216.215,533.702707,27.195001,13.295,57.3
1,20170306,229.45,224.09,535.1768366,26.887501,13.095,57.3
1,20170307,225.665,239.23,535.0579273,26.5250005,12.87,57.3
1,20170308,225.235,264.325,533.4606215,27.4312505,13.75,57.3
1,20170309,232.275,282.855,535.2807324,27.72375,14.27,57.3
1,20170310,234.035,298.26,539.8343438,25.75875,14.135,57.3
1,20170313,240.225,312.73,540.9066667,24.7124995,14.09,57.3
1,20170314,232.84,301.61,538.3674294,25.822499,14.81,57.3
1,20170315,241.275,294.4,538.3617021,25.7474995,14.95,57.3
1,20170316,241.46,300.23,543.3326176,25.6850005,14.805,57.3
1,20170317,241.49,296.505,543.74127,25.2162495,14.325,57.3
1,20170320,235.93,312.635,544.5242071,24.3737495,13.185,57.3
1,20170321,236.5,322.52,547.2930591,24.15875,12.86,57.3
1,20170322,234.835,331.455,546.8849624,24.585,13.08,57.3
1,20170323,233.26,345.23,545.8997648,24.9712505,13.325,57.3
1,20170324,238.015,375.36,546.7571481,24.6062495,13.28,57.3
1,20170327,240.395,386.755,549.8826291,24.808749,13.69,57.3
1,20170328,238.83,358.725,548.4640232,25.2200005,14.43,57.3
1,20170329,237.67,313.535,544.2166627,25.4025,13.895,57.3
1,20170330,236.625,324.075,544.2009225,25.4137495,13.84,57.3
1,20170331,231.395,307.4,540.4682704,25.7800005,13.765,57.3
1,20170403,224.42,281.865,538.8832011,26.24125,13.55,57.6
1,20170404,225.315,299.215,538.6317232,26.9674995,14.02,57.6
1,20170405,224.575,275.865,537.8260407,26.9437495,14.135,57.6
1,20170406,224.42,226.85,538.0723636,26.695001,13.85,57.6
1,20170407,226.15,250.405,535.5283941,26.907499,13.945,57.6
1,20170410,228.895,272.865,533.729191,26.96375,13.86,57.6
1,20170411,230.185,284.47,534.0406344,26.4987505,13.495,57.6
1,20170412,233.43,263.38,527.938486,27.0199995,13.705,57.6
1,20170413,243.93,285.54,520.5510028,26.9674995,13.75,57.6
1,20170414,251.665,287.7,520.1529393,27.175,13.85,57.6
1,20170417,248.12,290.385,521.6766084,27.28625,14.38,57.6
1,20170418,247.385,297.42,524.2341204,27.13375,14.52,57.6
1,20170419,243.23,301.335,524.5006159,25.5949995,14.35,57.6
1,20170420,243.55,289.845,524.2294774,25.2337505,14.37,57.6
1,20170421,245.85,297.535,521.3380579,24.9575005,13.145,57.6
1,20170424,245.215,299.125,531.1096314,25.1812505,13.45,57.6
1,20170425,242.43,298.75,536.1060629,24.7787495,13.315,57.6
1,20170426,241.85,294.12,530.4513322,24.40625,13,57.6
1,20170427,242.65,295.145,538.1026439,24.4749995,12.92,57.6
1,20170428,247.23,293.44,539.0782109,24.0874995,12.47,57.6
1,20170502,249.3,301.895,547.7660456,24.38,12.585,57.5
1,20170504,261.91,310.285,550.574864,24.6425,12.775,57.5
1,20170508,260.47,298.75,536.9888476,25.048751,13.005,57.5
1,20170510,257.875,299.66,535.9778297,25.1075,13.015,57.5
1,20170511,255.295,301.745,534.0938722,25.26875,13.01,57.5
1,20170512,257.83,306.22,534.9301833,25.6987505,13.14,57.5
1,20170515,266.605,324.13,536.033693,26,13.345,57.5
1,20170516,272.51,341.34,547.0433829,26.1662505,13.375,57.5
1,20170517,268.085,331.575,549.9120444,26.19625,13.535,57.5
1,20170518,268.68,340.695,549.4977362,26.21375,13.46,57.5
1,20170522,269.715,322.635,505.3693386,26.4124995,13.44,57.5
1,20170523,281.695,303.94,503.5592765,26.0199995,11.03,57.5
1,20170524,291.02,311.27,502.9063269,25.905,10.265,57.5
1,20170525,303.45,307.465,532.8225607,26.0599995,10.245,57.5
1,20170526,295.98,297.85,530.8396384,25.8625,10.1,57.5
1,20170529,291.395,299.155,530.9939298,25.8387495,10.11,57.5
1,20170530,289.31,286.665,530.7032245,25.9487505,10.22,57.5
1,20170531,283.21,297.31,533.6246798,29.4799995,10.65,57.5
1,20170601,276.16,296.285,484.9863818,31.2924995,10.885,56.6
1,20170602,278.305,298.145,487.5822591,31.922501,11.24,56.6
1,20170605,274.09,296.66,486.9293182,32.973751,11.45,56.6
1,20170607,275.97,296.975,458.2756252,33.8500005,12.2,56.6
1,20170608,277.985,305.07,456.2412421,32.8012505,11.725,56.6
1,20170609,276.025,307.425,455.7813987,32.5599995,11.15,56.6
1,20170612,276.915,308.215,455.8171311,34.18,11.485,56.6
1,20170613,282.25,298.49,545.9829979,34.6012495,11.16,56.6
1,20170614,288.365,287.54,550.1070423,34.4375,10.84,56.6
1,20170615,290.38,298,535.2440833,34.893751,10.885,56.6
1,20170616,292.61,300.64,537.2264244,34.5587505,10.905,56.6
1,20170619,295.035,298.245,535.6770296,35.29875,10.88,56.6
1,20170620,291.66,299.57,534.2494715,36.1674995,11.085,56.6
1,20170621,288.35,297.805,535.1426661,36.1312505,11.295,56.6
1,20170622,285.65,305.9,535.4338613,35.9437505,11.05,56.6
1,20170623,281.52,318.255,537.4720107,36.0874995,10.765,56.6
1,20170626,280.28,309.63,537.1592893,36.3799995,11.07,56.6
1,20170627,282.85,308.82,557.2086974,37.061251,11.74,56.6
1,20170628,283.475,308.83,559.7564792,37.1975,12.595,56.6
1,20170629,283.495,317.725,553.9330274,38.973749,12.655,56.6
1,20170630,280.155,328.47,551.1122776,38.90625,12.515,56.6
1,20170703,278.38,335.36,548.1964309,36.7262495,11.81,56.4
1,20170704,270.32,329.885,554.9415636,37.5524995,12.075,56.4
1,20170705,263.735,331.24,547.1305551,37.8199995,11.85,56.4
1,20170706,264.815,338.655,550.1406827,37.512501,11.395,56.4
1,20170707,267.24,358.015,549.6269423,38.1175,11.555,56.4
1,20170710,268.07,362.715,548.3325071,38.8487495,11.87,56.4
1,20170711,264.535,361.58,550.4705781,39.8325005,12.555,56.4
1,20170712,263.985,400.82,549.2293641,39.414999,13.57,56.4
1,20170713,259.74,441.865,547.8751573,39.7174985,14.03,56.4
1,20170714,258.815,473.12,550.9235131,39.067501,14.285,56.4
1,20170717,234.535,462.165,550.704185,38.116251,14.165,56.4
1,20170718,230.09,480.95,550.8382472,37.2675,13.705,56.4
1,20170719,232.135,474.415,548.6830662,37.2112505,13.395,56.4
1,20170720,234.075,473.69,554.1749272,36.85,12.8,56.4
1,20170721,228.83,433.37,555.7195787,36.428749,12.595,56.4
1,20170724,229.145,450.46,548.9901723,35.528749,12.43,56.4
1,20170725,219.29,466.445,546.0001515,35.6687505,12.765,56.4
1,20170726,212.945,467.33,544.5349425,35.6425,12.995,56.4
1,20170727,225.69,464.045,546.3158509,36.543751,13.465,56.4
1,20170728,226.16,465.61,549.6770405,37.834999,13.575,56.4
1,20170731,228.075,441.46,557.9574508,38.5424995,13.86,56.4
1,20170801,230.275,427.905,557.5326216,39.9449995,14.175,56.4
1,20170802,229.16,444.215,560.3189955,40.6312505,13.96,56.4
1,20170803,228.94,480.2,558.9317507,40.752499,13.625,56.4
1,20170804,229.04,451.15,553.0127207,41.15625,13.815,56.4
1,20170807,228.53,478.035,550.2755917,40.981251,13.34,56.4
1,20170808,228.14,580.905,547.2033691,41.501249,13.575,56.4
1,20170809,228.975,672.895,548.3142213,41.4275,13.67,56.4
1,20170810,232.79,709.055,548.4405056,41.92375,13.835,56.4
1,20170811,238.795,659.095,555.4971192,41.8125,14.205,56.4
1,20170814,240.415,699.59,551.854669,41.188749,14.095,56.4
1,20170816,242.73,716.035,545.7192812,41.9725,15.025,56.4
1,20170817,241.12,746.58,547.3031312,40.7875,14.37,56.4
1,20170818,238.54,833.64,546.5707152,40.5825005,13.89,56.4
1,20170821,239.75,800.53,547.7191178,40.8774985,13.845,56.4
1,20170823,237.435,836.615,545.233529,40.6949995,13.655,56.4
1,20170824,232.635,685.72,544.8126018,40.897501,13.525,56.4
1,20170825,230.2,721.815,547.3838056,41.2887495,13.3,56.4
1,20170828,244.5,668.345,559.2143477,42.0687505,13.19,56.4
1,20170829,229.31,740.695,560.0346094,42.5462495,13.42,56.4
1,20170830,229.61,773.865,552.868455,42.9087505,13.315,56.4
1,20170831,233.27,763.83,551.0332542,42.485001,12.715,56.4
1,20170901,232.15,732.255,550.0750933,42.1237505,12.515,56
1,20170904,231.64,749.865,548.947948,38.9887505,12.135,56
1,20170905,228.87,719.525,548.5653054,40.96875,12.715,56
1,20170906,228.755,735.235,555.2546498,41.9074995,12.945,56
1,20170907,230.715,762.265,558.1412086,41.5474985,12.855,56
1,20170908,232.975,843.59,559.5094092,40.8600005,12.485,56
1,20170911,235.555,921.46,555.2803207,40.5,12.405,56
1,20170912,234.38,995.585,554.4431287,40.039999,12.14,56
1,20170913,233.505,1015.86,550.3524014,40.3125,12.215,56
1,20170914,235.905,1027.665,550.0531754,40.887501,12.245,56
1,20170915,237.865,1098.09,555.8475062,41.4249995,12.55,56
1,20170918,236.68,1141.49,554.269624,41.2662505,12.41,56
1,20170919,237.035,1233.235,555.5828162,40.928751,12.355,56
1,20170920,237.57,1321.99,556.9515394,40.9799995,12.055,56
1,20170921,238.13,1236.235,553.0865672,41.300001,12.42,56
1,20170922,238.455,1208.065,552.2034283,41.9750005,12.975,56
1,20170925,238.71,1351.675,545.7109005,42.6875,13.265,56
1,20170926,244.635,1340.595,542.0966098,41.5174995,12.915,56
1,20170927,243.215,1084.09,539.7448479,41.5249995,12.915,56
1,20170928,243.175,935.575,540.392106,41.6049995,12.77,56
1,20170929,244.195,1034.035,540.429525,41.177502,12.325,56
1,20171010,245.695,1048.465,541.6536367,41.84375,12.57,56
1,20171011,246.315,1106.03,542.8639109,42.12125,12.445,56
1,20171012,247,1088.59,541.9824728,42.352499,12.24,56
1,20171016,251.59,1009.92,547.7928151,42.545,12.285,56
1,20171017,254.005,971.885,544.2262391,44.094999,12.485,56
1,20171018,260.035,1014.125,548.210844,47.0074995,13.02,56
1,20171019,267.975,1069.7,545.4771313,46.8087505,13.085,56
1,20171020,266.225,1038.69,542.1451201,46.703751,13.3,56
1,20171023,262.885,1082.05,538.249216,45.0387495,13.78,56
1,20171024,267.035,1184.775,538.6348528,45.1137505,13.26,56
1,20171025,267.305,1212.89,545.7916116,43.495001,12.885,56
1,20171026,271.325,1121.8,539.3167836,43.62875,12.68,56
1,20171027,276.11,1081.58,534.1585392,43.6275005,12.685,56
1,20171030,279.105,1073.085,540.1559227,43.7424985,12.695,56
1,20171031,287.755,896.875,540.1288879,44.6224995,12.71,56
1,20171101,290.61,887.045,539.9043296,44.8724995,12.735,56
1,20171102,309.995,685.43,540.8263808,44.77,13.09,56
1,20171103,324.055,787.315,538.0018566,44.9887505,13.325,56
1,20171106,321.015,800.465,539.8824955,45.1949995,13.335,56
1,20171107,319.675,836.415,538.6712036,45.1049995,13.285,56
1,20171108,344.285,871.49,539.9838894,46.0949995,13.545,56
1,20171109,387.775,823.755,542.9608102,47.526249,13.615,56
1,20171110,438.055,846.725,547.9857578,47.3425005,13.785,56
1,20171113,411.07,849.775,550.8682549,47.8774985,14.09,56
1,20171114,374.935,885.355,555.7954432,48.331249,14.265,56
1,20171115,381.51,931.53,557.0474152,48.911251,14.235,56
1,20171116,379.3,933.93,556.1004327,49.40625,14.245,56
1,20171117,374.09,958.675,546.4663853,48.932501,14.02,56
1,20171120,355.25,949.19,545.3211225,48.8062495,13.865,56
1,20171121,320.795,939.665,546.7837116,49.5162485,13.945,56
1,20171122,333.495,871.47,551.5428989,49.3312515,14.045,56
1,20171123,334.075,839.3,552.0697581,49.3362505,14.255,56
1,20171124,323.77,849.04,560.3370592,48.79875,12.71,56
1,20171127,333.98,837.765,557.5774181,48.74625,12.23,56
1,20171128,333.585,861.355,555.447309,49.8274995,11.77,56
1,20171129,330.3,881.68,554.0403471,50.9137495,11.035,56
1,20171130,319.345,872.615,555.6157468,51.598749,11,56
1,20171201,323.88,866.11,556.0289605,51.821251,11.005,56
1,20171204,324.135,864.4,551.4662748,51.4324985,10.825,56
1,20171205,323.205,861.83,549.7072568,51.75375,10.975,56
1,20171206,320.59,854.115,553.931015,52.084999,11.865,56
1,20171207,322.95,861.72,553.967309,52.8699985,12.095,56
1,20171208,347.495,831.875,552.8267813,52.4050005,11.73,56
1,20171211,355.73,776.08,555.7325404,50.8374995,11.19,56
1,20171212,355.855,734.97,570.9698401,53.7875005,11.275,56
1,20171213,363.805,688.635,562.0012584,53.6474995,11.06,56
1,20171214,376.37,715.365,557.1619545,53.25375,11.13,56
1,20171215,367.745,701.975,551.23729,52.4750005,10.95,56
1,20171218,355.85,712.89,558.4115873,53.1812495,11.225,56
1,20171219,359.64,648.44,557.8128415,53.262501,11.515,56
1,20171220,394.95,605.515,560.6616009,53.133751,11.35,56
1,20171221,392.69,579.125,559.1392745,53.8649995,11.365,56
1,20171222,402.755,505.865,555.9456499,53.82625,11.395,56
1,20171226,415.53,544.145,558.2651003,53.950001,11.36,56
1,20171227,433.61,570.09,559.6431227,53.9212495,11.54,56
1,20171228,439.92,550.33,562.3838352,52.87125,11.27,56
1,20171229,433.975,526.31,564.5056609,50.168749,10.95,56
1,20180102,438.8,535.73,561.6074174,49.916248,10.895,56.1
1,20180103,454.53,498.41,560.1823178,49.0750005,10.75,56.1
1,20180104,453.36,470.715,559.4740493,48.1000005,10.34,56.1
1,20180105,461.175,418.31,559.2035968,46.6599995,10.02,56.1
1,20180108,448.495,389.28,554.4943383,46.8724995,9.88,56.1
1,20180109,436.02,405.71,552.0086318,47.9650005,10.07,56.1
1,20180110,439.605,382.17,545.4121418,48.241249,10.06,56.1
1,20180111,440.575,386.38,548.8815469,48.275,10.06,56.1
1,20180112,450.77,401.25,572.5554443,47.9662495,10.01,56.1
1,20180115,455.195,396.39,578.2431418,47.303751,10.08,56.1
1,20180116,431.625,378.77,570.0780853,46.7425005,10.065,56.1
1,20180117,416.445,376.055,570.1370751,47.25,10.17,56.1
1,20180118,424.125,381.5,570.2658875,48.7525005,10.755,56.1
1,20180119,426.805,394.095,569.8924073,49.0862505,11.03,56.1
1,20180122,428.235,409.93,569.3225264,49.0775015,10.99,56.1
1,20180123,431.885,421.505,571.4373446,49.1875,10.975,56.1
1,20180124,429.225,504.565,576.1267427,48.362499,10.485,56.1
1,20180125,431.93,881.68,576.5472109,48.696251,10.46,56.1
1,20180126,429.1,872.615,569.2981639,49.5349995,10.57,56.1
1,20180129,443.925,866.11,563.330348,49.5662495,10.535,56.1
1,20180130,455.435,864.4,565.0334227,48.995001,10.425,56.1
1,20180131,450.765,861.83,569.3759982,49.25,10.68,56.1
1,20180201,444.33,854.115,571.6860057,52.1812495,11.75,56.3
1,20180202,447.26,861.72,569.276077,53.842501,12.2,56.3
1,20180205,441.935,831.875,562.437581,53.4987505,11.94,56.3
1,20180206,430.585,734.97,561.0038299,55.4475,12.075,56.3
1,20180207,397.295,688.635,541.7595304,55.307501,11.865,56.3
1,20180208,372.735,715.365,541.2921555,54.977501,11.855,56.3
1,20180209,385.53,701.975,540.5673126,56.1850015,12.045,56.3
1,20180212,382.385,712.89,542.2350343,55.79125,11.935,56.3
1,20180213,383.35,698.045,540.4770472,55.525,12,56.3
1,20180214,400.935,648.44,541.8182494,55.2524985,12.005,56.3
1,20180219,414.59,535.73,544.9707555,56.164999,12.415,56.3
1,20180220,388.26,498.41,544.8026019,57.2612495,12.71,56.3
1,20180221,396.5,470.715,552.2684874,57.7325005,12.555,56.3
1,20180222,395.435,455.535,554.1067895,59.366251,12.88,56.3
1,20180223,394.175,418.31,538.3083354,59.255001,12.825,56.3
1,20180226,394.31,389.28,538.7421639,59.4375,12.63,56.3
1,20180227,387.62,405.71,535.9921167,60.1175005,12.785,56.3
1,20180228,374.915,382.17,545.8996477,61.09,13.26,56.3
1,20180302,374.095,401.25,539.2596972,60.6037505,12.98,56.3
1,20180305,373.015,396.39,540.1977657,61.715,13.5,56.3
1,20180306,374.4,378.77,543.4495256,60.6199985,13.525,56.3
1,20180307,371.5,376.055,542.8296916,58.6425,12.745,56.3
1,20180308,380.8,381.5,538.3597477,54.7787495,11.555,56.3
1,20180309,379.51,409.93,538.968129,53.7124995,11.37,56.3
1,20180312,377.885,404.885,565.0918005,57.7087495,11.715,56.3
1,20180313,375.075,455.235,568.2143765,56.5912495,11.53,56.3
1,20180314,379.765,505.865,547.837435,57.0512505,11.1,56.3
1,20180315,382.275,538.61,551.4196516,57.5637495,11.615,56.3
1,20180316,388.25,544.145,538.1174736,57.46875,11.675,56.3
